{
  "nodes": {
    "+python#2": {
      "contentWidth": 724.979479131747,
      "rfNode": {
        "position": {
          "x": 765,
          "y": 15
        }
      }
    },
    "get_ticker#1": {
      "contentWidth": 523.4494354032719,
      "rfNode": {
        "position": {
          "x": 0,
          "y": 0
        }
      }
    },
    "cerebro_strategy#1": {
      "contentWidth": 554.1055278004957,
      "rfNode": {
        "position": {
          "x": 15.406931160389334,
          "y": 851.4159145055432
        }
      }
    },
    "+python#6": {
      "contentWidth": 450,
      "rfNode": {
        "position": {
          "x": -707.773959813753,
          "y": 848
        }
      }
    }
  }
}